vid,title,time,duration,views,link
8vKgwb4jvnY,"Cluster weapons being used in Russia-Ukraine war, evidence shows ‚Äì BBC News",News,2 hours ago,3:30,"21,736 views",https://www.youtube.com/watch?v=8vKgwb4jvnY
tSJf6KEC5qc,India state on alert after Prophet Muhammad row beheading - BBC News,News,19 hours ago,2:41,"273,833 views",https://www.youtube.com/watch?v=tSJf6KEC5qc
eb7sPnpZV7o,Maharashtra News LIVE | Devendra Fadnavis Press Conference LIVE | Fadnavis To Take Oath As CM,News,,,,https://www.youtube.com/watch?v=eb7sPnpZV7o
1Mo1qRGxbis,Nightly News Full Broadcast - June 29,News,8 hours ago,21:29,"319,083 views",https://www.youtube.com/watch?v=1Mo1qRGxbis
DAnWKlRe-xQ,Major train delays tomorrow as union continues with strike action | 9 News Australia,News,3 hours ago,3:05,"5,959 views",https://www.youtube.com/watch?v=DAnWKlRe-xQ
oOcZRxBwZ1k,Trump Coup Nightmare: See The Moment Fox News Turns Amidst 'Devastating' Smoking Gun,News,11 hours ago,8:35,"921,456 views",https://www.youtube.com/watch?v=oOcZRxBwZ1k
2Rt8vHeE66o,Travis Barker Hospitalized for Pancreatitis: Details | E! News,News,11 hours ago,1:26,"23,831 views",https://www.youtube.com/watch?v=2Rt8vHeE66o
L9Wtlzu1_kw,Live News : Maharashtra Politics | Floor Test | Eknath Shinde | Uddhav Thackeray | Latest News Hindi,News,Streamed 9 minutes ago,4:13:58,"222,202 views",https://www.youtube.com/watch?v=L9Wtlzu1_kw
qTPQRnt71i4,LIVE Now: Zee Hindustan | Russia Ukraine Update | Joe Biden | Vladimir Putin | Latest Hindi News,News,Streamed 5 hours ago,5:25:31,"128,545 views",https://www.youtube.com/watch?v=qTPQRnt71i4
AvRRao44GXo,"Survivors, lawyers speak after R. Kelly sentencing | full video",News,Streamed 15 hours ago,13:25,"58,798 views",https://www.youtube.com/watch?v=AvRRao44GXo
5c5mQeL10A8,‡∑Ñ‡∑í‡∂ª‡∑î ‡∂∏‡∂∞‡∑ä‚Äç‡∂∫‡∑è‡∑Ñ‡∑ä‡∂± 11.55 ‡∂¥‡∑ä‚Äç‡∂ª‡∂∞‡∑è‡∂± ‡∂¥‡∑ä‚Äç‡∂ª‡∑Ä‡∑ò‡∂≠‡∑ä‡∂≠‡∑í ‡∂¥‡∑ä‚Äç‡∂ª‡∂ö‡∑è‡∑Å‡∂∫ - Hiru TV NEWS 11:55 AM Live | 2022-06-30,News,Streamed 4 hours ago,37:36,"60,231 views",https://www.youtube.com/watch?v=5c5mQeL10A8
g72qfWdUq7Q,"CBC News: The National |  B.C. shootout hostage, R. Kelly sentenced, Putin opponents",News,1 day ago,44:37,"60,240 views",https://www.youtube.com/watch?v=g72qfWdUq7Q
oSIDpszSXLM,Ginni Thomas' Lawyer Has 'Serious Concerns' About Interview With Jan. 6 Committee,News,16 hours ago,5:03,"402,706 views",https://www.youtube.com/watch?v=oSIDpszSXLM
mM0VUtMqYWo,„ÄêLIVE„Äë„Ç¶„ÇØ„É©„Ç§„ÉäÊÉÖÂã¢ ÊúÄÊñ∞ÊÉÖÂ†±„Å™„Å©„ÄÄÂ§ú„ÅÆ„Éã„É•„Éº„Çπ | TBS NEWS DIGÔºà6Êúà30Êó•Ôºâ,News,,,,https://www.youtube.com/watch?v=mM0VUtMqYWo
J0PJPJJzIso,R. Kelly sentenced to 30 years in sex trafficking case | BREAKING NEWS,News,16 hours ago,0:46,"24,299 views",https://www.youtube.com/watch?v=J0PJPJJzIso
Hza9OTIdMlY,Latest News | Aaj Ki Taaza Khabar | Udaipur Murder Case| ‡§Ü‡§ú ‡§ï‡•Ä ‡§¨‡§°‡§º‡•Ä ‡§ñ‡§¨‡§∞‡•á‡§Ç | 30 June 2022,News,5 hours ago,30:03,"6,260 views",https://www.youtube.com/watch?v=Hza9OTIdMlY
DHr61RKdPM8,"‡¥í‡¥∞‡µÅ ‡¥Æ‡¥£‡¥ø  ‡¥µ‡¥æ‡µº‡¥§‡µç‡¥§ | 1 PM News | June 30, 2022",News,2 hours ago,23:57,"30,708 views",https://www.youtube.com/watch?v=DHr61RKdPM8
D0-MULHcg5Y,Live News : Maharashtra Politics | ‡§â‡§¶‡•ç‡§ß‡§µ ‡§ï‡§æ ‡§á‡§∏‡•ç‡§§‡•Ä‡§´‡§º‡§æ | Eknath Shinde | Uddhav Thackeray | Latest News,News,Streamed 3 hours ago,3:07:06,"152,229 views",https://www.youtube.com/watch?v=D0-MULHcg5Y
d_YyVqzZh_g,Russia Ukraine News LIVE | Putin vs Zelenskyy | World News Live | Hindi News Live | News18 India,News,Streamed 1 hour ago,7:37:57,"249,339 views",https://www.youtube.com/watch?v=d_YyVqzZh_g
awMAB60fnXk,Where is Russia taking Ukraine's stolen grain? ‚Äì BBC News,News,3 days ago,5:07,"198,443 views",https://www.youtube.com/watch?v=awMAB60fnXk
_6akkGVr2zs,20 TIMES SPORTS FANS TOOK IT WAY TOO FAR,Sport,1 year ago,8:03,"7,705,698 views",https://www.youtube.com/watch?v=_6akkGVr2zs
I3OIbbuZ1XE,25-Minute Victoria Sport High Impact Cardio & Lower Body Workout,Sport,4 years ago,26:25,"1,908,701 views",https://www.youtube.com/watch?v=I3OIbbuZ1XE
3TJP5a3pBME,20-Minute Victoria Sport Workout For Toned Abs and Legs,Sport,3 years ago,25:59,"2,499,603 views",https://www.youtube.com/watch?v=3TJP5a3pBME
AbnjSelQYV8,High IQ Moments in Sports,Sport,10 months ago,6:20,"10,844,770 views",https://www.youtube.com/watch?v=AbnjSelQYV8
jzJW0gTYB9k,Impossible Sports Moments,Sport,4 months ago,7:52,"1,653,531 views",https://www.youtube.com/watch?v=jzJW0gTYB9k
v3m_DlYSJOA,Greatest World Records in Sport History,Sport,1 year ago,9:38,"30,290,644 views",https://www.youtube.com/watch?v=v3m_DlYSJOA
AmgIzj7SUb8,The BEST Goals of the 2021/22 Premier League Season! | Part Two,Sport,4 weeks ago,5:03,"646,125 views",https://www.youtube.com/watch?v=AmgIzj7SUb8
1_r0mhnxGN0,20 MUST SEE SPORTS MOMENTS,Sport,2 years ago,5:06,"11,616,518 views",https://www.youtube.com/watch?v=1_r0mhnxGN0
yG7v4y_xwzQ,Sport psychology - inside the mind of champion athletes: Martin Hagger at TEDxPerth,Sport,9 years ago,12:02,"1,704,481 views",https://www.youtube.com/watch?v=yG7v4y_xwzQ
MRdkdIfkBJ8,Most Embarrassing Moments in Sports - Funniest Moments in Sports History,Sport,4 weeks ago,8:31,"2,098,199 views",https://www.youtube.com/watch?v=MRdkdIfkBJ8
bIDKhZ_4jLQ,All Sports Trick Shots | Dude Perfect,Sport,2 years ago,6:48,"27,809,247 views",https://www.youtube.com/watch?v=bIDKhZ_4jLQ
DHlkWwlujS0,100% Creative Sports Moments,Sport,4 months ago,8:04,"6,943,107 views",https://www.youtube.com/watch?v=DHlkWwlujS0
DjvkilpetjY,Matt Stephens The Cafe Ride Episode 14 - Rebecca Charlton | Sigma Sports,Sport,2 days ago,26:01,"25,844 views",https://www.youtube.com/watch?v=DjvkilpetjY
o7W7OvETO40,Greatest Sports Moments,Sport,3 years ago,28:50,"29,022,330 views",https://www.youtube.com/watch?v=o7W7OvETO40
SnWuiAxgNx4,Christian Eriksen choosing between Manchester United and Brentford,Sport,6 days ago,5:52,"403,906 views",https://www.youtube.com/watch?v=SnWuiAxgNx4
YDsiJtlofxs,Suzuki Swift Sport review - a budget Toyota GR Yaris?,Sport,1 year ago,12:59,"1,364,563 views",https://www.youtube.com/watch?v=YDsiJtlofxs
9LXySxPDZx0,üßó‚Äç‚ôÇÔ∏è Men's Sport Climbing | Tokyo Replays,Sport,10 months ago,5:03:58,"855,311 views",https://www.youtube.com/watch?v=9LXySxPDZx0
mUUSUh3IWDU,Transfer Update: Man United edging closer to Frenkie de Jong deal ü§ù,Sport,2 days ago,5:53,"190,790 views",https://www.youtube.com/watch?v=mUUSUh3IWDU
dW8J7_l8INY,Craziest ‚ÄúSaving Lives‚Äù Moments in Sports History,Sport,2 years ago,5:33,"88,931,534 views",https://www.youtube.com/watch?v=dW8J7_l8INY
v-2wt9lf2D4,Cristiano Ronaldo not for sale despite reports of Chelsea move | Frenkie de Jong deal moving closer,Sport,4 days ago,4:37,"374,374 views",https://www.youtube.com/watch?v=v-2wt9lf2D4
T4NOt727wqI,20 Comfort Foods From Around The World,Food,2 years ago,12:02,"5,208,966 views",https://www.youtube.com/watch?v=T4NOt727wqI
PHeS4ZZ9l9A,All The Differences Between American And Japanese 7-Eleven | Food Wars | Food Insider,Food,1 month ago,38:08,"562,488 views",https://www.youtube.com/watch?v=PHeS4ZZ9l9A
7qOl97KGQDc,Gordon Ramsay Cooks Street Food In India | Gordon's Great Escape,Food,3 years ago,7:15,"15,210,136 views",https://www.youtube.com/watch?v=7qOl97KGQDc
FqNEx17crMI,Kids Try Prison Food from Around the World | Kids Try | HiHo Kids,Food,2 years ago,5:37,"13,709,898 views",https://www.youtube.com/watch?v=FqNEx17crMI
Z9RD_wPDlpQ,US vs UK Popeyes | Food Wars,Food,4 months ago,19:28,"1,500,449 views",https://www.youtube.com/watch?v=Z9RD_wPDlpQ
9i4SKHbhbqk,The Best Fast Food Recipes | Part One | Gordon Ramsay,Food,1 year ago,16:12,"31,324,379 views",https://www.youtube.com/watch?v=9i4SKHbhbqk
iCzh4bV1dAs,when the food is straight up bussin | Kitchen Nightmares,Food,1 year ago,17:46,"19,670,369 views",https://www.youtube.com/watch?v=iCzh4bV1dAs
DFjkHnZCqmU,Last Minute Super Bowl Food Spread In 3 Hours,Food,4 months ago,11:36,"2,429,354 views",https://www.youtube.com/watch?v=DFjkHnZCqmU
t-e_xTbAydE,4 Levels of Pasta Bolognese: Amateur to Food Scientist | Epicurious,Food,8 days ago,16:58,"412,607 views",https://www.youtube.com/watch?v=t-e_xTbAydE
ooqdg9Wr-mo,World‚Äôs Most Expensive Food!,Food,1 year ago,8:06,"36,459,866 views",https://www.youtube.com/watch?v=ooqdg9Wr-mo
vQMo2Sg1p-Y,Pakistan Street Food at Night!! Vegans Won‚Äôt Survive Here!!,Food,7 days ago,17:06,"3,763,770 views",https://www.youtube.com/watch?v=vQMo2Sg1p-Y
nUZCE40n2zg,I Ate Gordon Ramsay‚Äôs Food For An Entire Day,Food,2 months ago,11:25,"5,093,195 views",https://www.youtube.com/watch?v=nUZCE40n2zg
WtmuksJpwo4,BEST HOTPOT EVER?! London Chinatown FOOD TOUR | Must Try STEAM BUNS,Food,2 weeks ago,25:11,"661,792 views",https://www.youtube.com/watch?v=WtmuksJpwo4
CKnGXZxK7zs,Popular Fast-Food Restaurants In Every State | 50 State Favorites,Food,1 year ago,9:43,"3,733,035 views",https://www.youtube.com/watch?v=CKnGXZxK7zs
B4nRgGnaknY,Singapore‚Äôs BIGGEST Street Food!! 5 Things You HAVE TO EAT at Chinatown Complex!!,Food,11 days ago,35:55,"1,263,436 views",https://www.youtube.com/watch?v=B4nRgGnaknY
-CzOvqqnQS0,Indian Street Food in Singapore!! KING OF CHAPATI - Best Food in Little India!!,Food,3 weeks ago,30:16,"1,467,784 views",https://www.youtube.com/watch?v=-CzOvqqnQS0
lnIWTv2xdk8,Ultimate Food Hacks That Will Leave You Speechless,Food,3 months ago,12:29,"1,289,328 views",https://www.youtube.com/watch?v=lnIWTv2xdk8
uRM0yMF0AtQ,"MOST POPULAR FOOD FOR ASMR + ALFREDO SAUCE (MOZZARELLA CORN DOG, NUGGETS, ONION RINGS, HASH BROWNS)",Food,2 years ago,16:19,"16,672,007 views",https://www.youtube.com/watch?v=uRM0yMF0AtQ
QZBUfZDe_0U,24 HOURS Eating at Europe‚Äôs LARGEST DEPARTMENT STORE! Harrods FOOD COURT & Restaurant Review,Food,10 days ago,18:03,"631,582 views",https://www.youtube.com/watch?v=QZBUfZDe_0U
gVUmDZy3DWI,Daredevils of Dining!! Central Asia‚Äôs Extreme Street Food!!,Food,4 weeks ago,17:29,"2,455,258 views",https://www.youtube.com/watch?v=gVUmDZy3DWI
2L6gsn7rGqI,GAME  (Full Video)  Shooter Kahlon | Sidhu Moose Wala | Hunny PK Films | Gold Media | 5911 Records,Game,1 year ago,4:47,"109,351,664 views",https://www.youtube.com/watch?v=2L6gsn7rGqI
BuMBmK5uksg,"The Game, 50 Cent - Hate It Or Love It (Official Music Video)",Game,13 years ago,3:26,"257,246,074 views",https://www.youtube.com/watch?v=BuMBmK5uksg
vwAOIXR7FF8,LANKYBOX Playing BEWARE THE SHADOWCATCHER!? (FULL GAME PLAY!),Game,1 day ago,47:02,"507,837 views",https://www.youtube.com/watch?v=vwAOIXR7FF8
MaCilkn86Tk,Asmongold Plays The Game Viewers Asked For,Game,1 day ago,1:59:34,"244,590 views",https://www.youtube.com/watch?v=MaCilkn86Tk
CFBQSKAfEAY,Busting 50 Game Myths in Real Life!,Game,2 weeks ago,14:17,"6,128,387 views",https://www.youtube.com/watch?v=CFBQSKAfEAY
NtQqBgUPIBo,"Marble Run,Join & Clash,Going Balls,Huggy Game 456,Sandwick Runner,Twerk Race 3D,Imposter Squid",Game,,,,https://www.youtube.com/watch?v=NtQqBgUPIBo
fNIhcMxX_c4,WHAT IF GRANNY WAS SPONGEBOB? | Granny (Horror Game),Game,3 years ago,21:45,"11,389,484 views",https://www.youtube.com/watch?v=fNIhcMxX_c4
RRPYq7seutM,Mobile game ads have gone INSANE,Game,1 day ago,13:27,"32,446 views",https://www.youtube.com/watch?v=RRPYq7seutM
TjaZBirGDyE,30 Questions - How Many Can You Answer?  - General Knowledge Trivia Quiz Game,Game,17 hours ago,8:14,"11,813 views",https://www.youtube.com/watch?v=TjaZBirGDyE
CkMOBYJYWx8,There is finally a reason to play this game..,Game,16 hours ago,8:26,"54,463 views",https://www.youtube.com/watch?v=CkMOBYJYWx8
IRKkG9jZQRk,NEW Quest 2 games and updates coming really soon!,Game,1 day ago,8:28,"39,691 views",https://www.youtube.com/watch?v=IRKkG9jZQRk
2MTmULlJIJE,15 Graphically MIND-BLOWING Games of 2022,Game,5 months ago,9:12,"758,926 views",https://www.youtube.com/watch?v=2MTmULlJIJE
kcldMz4aoQI,Is My Dad Better Than A Game Journalist,Game,3 days ago,9:29,"1,072,717 views",https://www.youtube.com/watch?v=kcldMz4aoQI
0kTXPdeDWyg,8 Popular Video Game Debates That Need To Die,Game,1 day ago,9:16,"55,775 views",https://www.youtube.com/watch?v=0kTXPdeDWyg
yM96dVYvYPE,"New F1 22 Game On $70,000 Simulators",Game,1 day ago,8:28,"97,422 views",https://www.youtube.com/watch?v=yM96dVYvYPE
eAhDuEGx4pg,Buying 1000 Random Fruits - Raining Dragons? in A One Piece Game,Game,1 day ago,8:20,"11,573 views",https://www.youtube.com/watch?v=eAhDuEGx4pg
fEMwQKhauNo,"Stanley Cup Final Game 6 Highlights | Avalanche vs. Lightning - June 26, 2022",Game,3 days ago,8:19,"423,649 views",https://www.youtube.com/watch?v=fEMwQKhauNo
g8-cHfXpe0o,Sonic VS Avengers - Squid Game!,Game,2 months ago,6:54,"5,138,838 views",https://www.youtube.com/watch?v=g8-cHfXpe0o
PH34kMOjmQk,The Game - How We Do (Official Music Video),Game,12 years ago,4:24,"174,644,920 views",https://www.youtube.com/watch?v=PH34kMOjmQk
rDK4D5zwJkE,White Sox vs. Angels Game Highlights (6/29/22) | MLB Highlights,Game,6 hours ago,7:05,"34,565 views",https://www.youtube.com/watch?v=rDK4D5zwJkE
udxZ9zkDzpo,The Game - My Life ft. Lil Wayne (Official Music Video),Game,12 years ago,4:59,"255,313,432 views",https://www.youtube.com/watch?v=udxZ9zkDzpo
wQei-YlksxA,Rapid-Fire Takes On 146 Summer Game Fest Trailers,Game,13 hours ago,52:39,"37,893 views",https://www.youtube.com/watch?v=wQei-YlksxA
wKM1rX532_4,The Game - Start From Scratch - The Documentary,Game,12 years ago,4:08,"8,279,830 views",https://www.youtube.com/watch?v=wKM1rX532_4
XoUNc2osUQ8,I Found the NEW Haunted Car in The Long Drive Mods?!,Game,21 hours ago,12:16,"151,432 views",https://www.youtube.com/watch?v=XoUNc2osUQ8
2K0q74jtV8s,The Game - Dreams (Official Music Video),Game,13 years ago,4:40,"34,362,561 views",https://www.youtube.com/watch?v=2K0q74jtV8s
LmZSWKPXhZ4,Game Masters of Exandria Roundtable,Game,18 hours ago,1:50:32,"243,208 views",https://www.youtube.com/watch?v=LmZSWKPXhZ4
wXW9B7I3mg0,A's vs. Yankees Game Highlights (6/29/22) | MLB Highlights,Game,12 hours ago,7:01,"74,130 views",https://www.youtube.com/watch?v=wXW9B7I3mg0
095Jdku7wo8,The Game - Ryda ft. Dej Loaf (Official Music Video),Game,7 years ago,4:27,"72,257,097 views",https://www.youtube.com/watch?v=095Jdku7wo8
cbiixbY72eg,Gas station ‚õΩ simulator gameplay in tamil/Part-1/on vtg!,Game,23 hours ago,19:04,"31,297 views",https://www.youtube.com/watch?v=cbiixbY72eg
HsTKfFGL8mQ,I Obtained the STRONGEST CHARACTERS in this Anime Game to Find the BEST (Anime Dimension Roblox),Game,20 hours ago,13:50,"76,730 views",https://www.youtube.com/watch?v=HsTKfFGL8mQ
0pe4lc5snbI,10 Trends You NEED To Know About NOW | Summer 2022 Fashion Trends,Fashion,3 days ago,13:33,"37,529 views",https://www.youtube.com/watch?v=0pe4lc5snbI
F-z6u5hFgPk,David Bowie - Fashion (Official Video),Fashion,3 years ago,3:26,"2,565,142 views",https://www.youtube.com/watch?v=F-z6u5hFgPk
_RNYN0sd7aY,I Tried Virtual Fashion,Fashion,1 day ago,9:07,"315,129 views",https://www.youtube.com/watch?v=_RNYN0sd7aY
ccaFB_dXN1k,"All Stars 7 Fashion Photo Ruview Episode 7 üíÉ ""Legendary Looks""",Fashion,1 day ago,4:13,"76,253 views",https://www.youtube.com/watch?v=ccaFB_dXN1k
A3QhFD9g43w,I Hired a $200 Stylist and a $20 Stylist to Dress Me for a Week,Fashion,2 months ago,25:25,"1,715,053 views",https://www.youtube.com/watch?v=A3QhFD9g43w
ZSXJ1E0ezr4,I Went UNDERCOVER in a STREAMER ONLY Fashion Show!,Fashion,3 weeks ago,39:18,"1,899,027 views",https://www.youtube.com/watch?v=ZSXJ1E0ezr4
prxEmD1mFIQ,Fashion and styling hacks,Fashion,3 months ago,10:08,"304,025 views",https://www.youtube.com/watch?v=prxEmD1mFIQ
0j-AsHW38XE,MAGiC FASHiON SHOW!!  Adley designs Barbie clothes with Mom for the new Fashion Planet runway!,Fashion,4 months ago,32:14,"2,825,893 views",https://www.youtube.com/watch?v=0j-AsHW38XE
GlWxwDFZgGw,TIMES HAVE CHANGED // Fashion Mumblr Vlogs,Fashion,1 day ago,52:46,"51,454 views",https://www.youtube.com/watch?v=GlWxwDFZgGw
9XCKnN6o19k,"Why China's Shein is beating ASOS, H&M and Zara at fast fashion",Fashion,4 weeks ago,9:54,"842,531 views",https://www.youtube.com/watch?v=9XCKnN6o19k
JC-qGzTIpEo,How the Fashion Industry Needs to Change | Good Morning Vogue,Fashion,1 year ago,20:54,"1,018,160 views",https://www.youtube.com/watch?v=JC-qGzTIpEo
R03bz0HAy30,Top 10 Fashion Rules To Step Out In Style | Summer Fashion Trends 2022,Fashion,9 days ago,14:35,"57,554 views",https://www.youtube.com/watch?v=R03bz0HAy30
fH9AOUyce9Q,"7 Easy Styling Hacks To TRANSFORM & UPDATE YOUR STYLE in 2022. By Personal Stylist, Melissa Murrell",Fashion,5 months ago,12:07,"468,904 views",https://www.youtube.com/watch?v=fH9AOUyce9Q
1ZyneUUVzdA,Best of the spring/summer 22 fashion shows | Bazaar UK,Fashion,8 months ago,11:25,"305,229 views",https://www.youtube.com/watch?v=1ZyneUUVzdA
7D3bnG4iNa4,6 Fashion Trends That Are Over in 2022 & What To Wear Instead,Fashion,4 months ago,12:22,"471,937 views",https://www.youtube.com/watch?v=7D3bnG4iNa4
sORunvibOYY,100 Years of Teen Girls Fashion | Glamour,Fashion,2 years ago,4:54,"2,578,917 views",https://www.youtube.com/watch?v=sORunvibOYY
4MVHi96NZls,"Every Outfit Hailey Bieber Wears in a Week | 7 Days, 7 Looks | Vogue",Fashion,1 year ago,9:07,"5,873,021 views",https://www.youtube.com/watch?v=4MVHi96NZls
XFIERaU8IEs,"Raja Breaks Down Her Drag Career, RuPaul's All Stars & Fashion Photo RuView | Them",Fashion,19 hours ago,15:40,"130,914 views",https://www.youtube.com/watch?v=XFIERaU8IEs
yAZJUqKo80k,BET AWARDS 2022 FASHION ROAST,Fashion,2 days ago,29:41,"73,335 views",https://www.youtube.com/watch?v=yAZJUqKo80k
SoNu7gNl1I4,How Covid Is Transforming the $380 Billion Luxury Fashion Industry | The Business of Fashion Show,Fashion,8 months ago,22:27,"581,635 views",https://www.youtube.com/watch?v=SoNu7gNl1I4
LXXkiUKDK4w,"Entertainment | Full Movie | Akshay Kumar, Tamannaah Bhatia, Johnny Lever",Entertainment,7 years ago,2:18:56,"174,953,011 views",https://www.youtube.com/watch?v=LXXkiUKDK4w
m-H0uIH5HHQ,The Jam - That's Entertainment (Official Video),Entertainment,12 years ago,3:33,"12,376,418 views",https://www.youtube.com/watch?v=m-H0uIH5HHQ
_dBz4dTZocg,Ronaldinho - Football's Greatest Entertainment,Entertainment,4 years ago,13:17,"59,844,636 views",https://www.youtube.com/watch?v=_dBz4dTZocg
LOt9jcW2tTs,CID Entertainment | CID | ‡§¨‡§æ‡§≤ ‡§ï‡§æ‡§ü‡§®‡•á ‡§µ‡§æ‡§≤‡•á Criminal ‡§ï‡•ã ‡§™‡§ï‡§°‡§º‡§®‡•á ‡§ï‡•á ‡§≤‡§ø‡§è Team CID ‡§®‡•á ‡§¨‡§ø‡§õ‡§æ‡§Ø‡§æ Trap,Entertainment,22 hours ago,41:20,"1,637,500 views",https://www.youtube.com/watch?v=LOt9jcW2tTs
VKKe82ggaD4,Priscilla Presley Breaks Down 15 Looks From 1960 to Now | Life in Looks | Vogue,Entertainment,5 days ago,11:13,"1,259,303 views",https://www.youtube.com/watch?v=VKKe82ggaD4
SD9ivDK5vXA,CID Entertainment | CID | ‡§¨‡§æ‡§∞‡§ø‡§∂ ‡§Æ‡•á‡§Ç Daya ‡§´‡§Ç‡§∏ ‡§ó‡§Ø‡§æ ‡§è‡§ï ‡§Ö‡§ú‡•Ä‡§¨ Resort ‡§Æ‡•á‡§Ç,Entertainment,1 day ago,42:58,"823,818 views",https://www.youtube.com/watch?v=SD9ivDK5vXA
glmi6VDaLUM,Universal's New Park Is About to Change Everything | The Future of Entertainment in Orlando,Entertainment,1 month ago,45:24,"322,877 views",https://www.youtube.com/watch?v=glmi6VDaLUM
5Gi1djkgB5k,Cat Entertainment : Video and Bird Sounds for Cats * The Ultimate 8 HOURS *,Entertainment,5 years ago,7:58:18,"2,470,261 views",https://www.youtube.com/watch?v=5Gi1djkgB5k
wlCz8nkDNqo,Focus On Learning and Creating Rather Than Entertainment and Distraction,Entertainment,2 years ago,12:00,"1,093,191 views",https://www.youtube.com/watch?v=wlCz8nkDNqo
fbkO7mVAtr4,Heading to HOSPITAL üè•,Entertainment,5 hours ago,11:05,"299,690 views",https://www.youtube.com/watch?v=fbkO7mVAtr4
iTnqtGh2n3k,Tyler Henry & Boy George's Reading INTERRUPTED By RHOBH Husband | Hollywood Medium | E!,Entertainment,11 days ago,9:00,"851,251 views",https://www.youtube.com/watch?v=iTnqtGh2n3k
_e6ip9wbVeE,Margot Robbie Debuts BARBIE Voice and Goes Full '80s With Ryan Gosling!,Entertainment,1 day ago,3:25,"287,775 views",https://www.youtube.com/watch?v=_e6ip9wbVeE
bZQVD_9Zqdw,BET Awards 2022: Must-See Moments!,Entertainment,2 days ago,4:54,"158,795 views",https://www.youtube.com/watch?v=bZQVD_9Zqdw
PvVdn6QNres,Squid Game in a nutshell,Entertainment,8 months ago,3:28,"7,644,780 views",https://www.youtube.com/watch?v=PvVdn6QNres
bZQVD_9Zqdw,BET Awards 2022: Must-See Moments!,Entertainment,2 days ago,4:54,"158,795 views",https://www.youtube.com/watch?v=bZQVD_9Zqdw
HoTa_8tRsrA,Around the Table With The Cast of 'This Is Us' | Entertainment Weekly,Entertainment,1 month ago,25:51,"200,073 views",https://www.youtube.com/watch?v=HoTa_8tRsrA
tBsRvthVhdw,Phoenix - Entertainment (Official Video),Entertainment,9 years ago,4:13,"5,967,522 views",https://www.youtube.com/watch?v=tBsRvthVhdw
6npOPqUQRYg,'The Boys' Season 3 Episode 6 Recap | On Set | Entertainment Weekly,Entertainment,4 days ago,21:41,"107,398 views",https://www.youtube.com/watch?v=6npOPqUQRYg
IsPFDzAGb4A,Adam Lambert - For Your Entertainment,Entertainment,12 years ago,3:37,"50,010,957 views",https://www.youtube.com/watch?v=IsPFDzAGb4A
8X1xYpPmKvA,Gemini and the End of the World,Entertainment,4 months ago,2:36:01,"4,837,782 views",https://www.youtube.com/watch?v=8X1xYpPmKvA
-E3Ivekc3kI,Around the Table With 'RuPaul's Drag Race All Stars 7' | Entertainment Weekly,Entertainment,2 months ago,31:47,"726,845 views",https://www.youtube.com/watch?v=-E3Ivekc3kI
Fp0UKPDhA3s,Diana and Roma - Fun Family Entertainment for children,Entertainment,11 months ago,22:45,"28,897,207 views",https://www.youtube.com/watch?v=Fp0UKPDhA3s
JVuq8BHIlbQ,Marvel Studios' Thor: Love and Thunder | Team,Entertainment,6 days ago,1:21,"4,164,252 views",https://www.youtube.com/watch?v=JVuq8BHIlbQ
FzRbWATy_CA,Panyong is back in Cherry's life | A Family Affair (with English Subs),Entertainment,16 hours ago,3:56,"38,255 views",https://www.youtube.com/watch?v=FzRbWATy_CA
UCkHB75WlIQ,High-rise Rooftop Sniper Mission (OVERPOWERED $1500 RIFLE),Entertainment,3 weeks ago,11:56,"718,466 views",https://www.youtube.com/watch?v=UCkHB75WlIQ
LFQ3LkVF5sM,Build a PC while you still can,Tech,17 hours ago,12:47,"1,126,447 views",https://www.youtube.com/watch?v=LFQ3LkVF5sM
zOwIf8465d8,Nvidia‚Äôs Insulting Us.,Tech,10 hours ago,6:49,"258,165 views",https://www.youtube.com/watch?v=zOwIf8465d8
0THXsIHhyYc,College Sports NIL: How Can Virginia Tech Compete? Tech Sideline Podcast 242,Tech,Streamed 19 hours ago,1:12:21,"1,087 views",https://www.youtube.com/watch?v=0THXsIHhyYc
Qy4tXApJ-2k,"R3WIRE - 3 HOUR SPECIAL HOUSE & TECH LIVE MIX - 29/06/2022, LONDON",Tech,Streamed 14 hours ago,2:46:24,"3,185 views",https://www.youtube.com/watch?v=Qy4tXApJ-2k
nmY2kgWYwyQ,I bought the THINNEST Tech in the world.,Tech,3 months ago,17:15,"9,567,328 views",https://www.youtube.com/watch?v=nmY2kgWYwyQ
VuG4BcghOSg,I bought the BIGGEST Tech in the world.,Tech,6 months ago,19:13,"8,005,112 views",https://www.youtube.com/watch?v=VuG4BcghOSg
L1Kb_ZujBPo,I bought the CHEAPEST Tech in the World üåç,Tech,10 months ago,23:21,"9,755,271 views",https://www.youtube.com/watch?v=L1Kb_ZujBPo
AnzBiBicXCA,The TECH Behind the ALL-NEW Foil RC,Tech,21 hours ago,7:00,"8,313 views",https://www.youtube.com/watch?v=AnzBiBicXCA
_f8Gb-vojoU,INVENTIONS OF THE FUTURE THAT WILL SOON BE AVAILABLE TO EVERYONE,Tech,3 months ago,12:37,"6,367,925 views",https://www.youtube.com/watch?v=_f8Gb-vojoU
dOyrx5HOCyY,"Intel Messed Up - WAN Show June 24, 2022",Tech,Streamed 5 days ago,2:17:57,"551,038 views",https://www.youtube.com/watch?v=dOyrx5HOCyY
juGiU45tEAc,NEW Shimano 105 Di2 | The Groupset Of The People Goes Wireless!,Tech,19 hours ago,15:54,"158,246 views",https://www.youtube.com/watch?v=juGiU45tEAc
ajg5ZjtJPWw,5 Weird Gadgets I Bought Online !,Tech,22 hours ago,9:00,"1,203,015 views",https://www.youtube.com/watch?v=ajg5ZjtJPWw
SfHtImc6AFQ,New AI device to help visually impaired people ...Tech & Science Daily,Tech,23 hours ago,6:40,92 views,https://www.youtube.com/watch?v=SfHtImc6AFQ
zFCFe38EIfE,James Dyson Answers Design Questions From Twitter | Tech Support | WIRED,Tech,6 months ago,12:20,"2,691,913 views",https://www.youtube.com/watch?v=zFCFe38EIfE
QljCaPiIM1s,2022 Texas Tech Football schedule Breakdown,Tech,22 hours ago,12:17,648 views,https://www.youtube.com/watch?v=QljCaPiIM1s
wLlL46pYcg4,15 Emerging Technologies that Will Change the World,Tech,6 months ago,21:13,"6,694,700 views",https://www.youtube.com/watch?v=wLlL46pYcg4
Mw9yzHEONg4,ü¶à Tech House | FISHER Style | March 2020 ü¶à,Tech,2 years ago,1:11:30,"16,920,924 views",https://www.youtube.com/watch?v=Mw9yzHEONg4
PKATJiyz0iI,10 Coolest Gadgets and Inventions That Will Blow Your Mind,Tech,10 months ago,8:31,"654,622 views",https://www.youtube.com/watch?v=PKATJiyz0iI
z0-4nYp8q1U,7 Coolest Gadgets For Kids - You Must Have,Tech,2 years ago,11:29,"1,280,515 views",https://www.youtube.com/watch?v=z0-4nYp8q1U
UK5OHUmIgcc,Cool Tech Under $50 - April!,Tech,2 months ago,9:03,"1,347,034 views",https://www.youtube.com/watch?v=UK5OHUmIgcc
OTuph9pJWU4,Best Learning Videos For Kids | The Dr.Binocs Show | Fun Learning Videos For Kids | By Peekaboo Kids,Education,5 years ago,36:34,"5,651,836 views",https://www.youtube.com/watch?v=OTuph9pJWU4
7xCe2m0kiSg,Why Finland's schools outperform most others across the developed world | 7.30,Education,2 years ago,6:48,"4,735,888 views",https://www.youtube.com/watch?v=7xCe2m0kiSg
COIw9e834Ag,Learn Food For Kids | Blippi And The Chocolate Factory | Educational Videos For Children,Education,1 year ago,52:54,"28,190,763 views",https://www.youtube.com/watch?v=COIw9e834Ag
KD__UQbeRtk,Blippi Explores Dinosaurs At The Natural History Museum! | Educational Videos for Kids,Education,5 days ago,14:26,"2,593,506 views",https://www.youtube.com/watch?v=KD__UQbeRtk
9WM0GG27oo8,Blippi Pets Cute Animals in the Shelter! | Educational Videos for Kids,Education,3 months ago,51:11,"5,394,718 views",https://www.youtube.com/watch?v=9WM0GG27oo8
7i68cD70dEE,"Learn Colors, ABCs and 123 Songs  + More Educational Nursery Rhymes & Kids Songs - CoComelon",Education,1 year ago,1:06:06,"111,612,632 views",https://www.youtube.com/watch?v=7i68cD70dEE
HJLNtge8jv4,Blippi Learns Colors & Letters For Kids With Clay | Educational Videos For Kids,Education,11 months ago,57:04,"12,732,780 views",https://www.youtube.com/watch?v=HJLNtge8jv4
gpfMjEP1IOA,What if Earth started Sneezing? + more videos | #aumsum #kids #children #education #whatif,Education,2 days ago,3:51,"68,062 views",https://www.youtube.com/watch?v=gpfMjEP1IOA
wlCz8nkDNqo,Focus On Learning and Creating Rather Than Entertainment and Distraction,Education,2 years ago,12:00,"1,093,191 views",https://www.youtube.com/watch?v=wlCz8nkDNqo
SK4uLmodN6A,How do Electromagnets Work? + more videos | #aumsum #kids #science #education #children,Education,1 year ago,10:11,"603,286 views",https://www.youtube.com/watch?v=SK4uLmodN6A
VxoXfpr6spc,I Tried to Speedrun Minecraft Education Edition,Education,1 year ago,10:21,"5,999,351 views",https://www.youtube.com/watch?v=VxoXfpr6spc
vxmSNvBhm9A,Education -Floke Rose (VOY2017 Song Contest Winner),Education,4 years ago,3:54,"458,491 views",https://www.youtube.com/watch?v=vxmSNvBhm9A
yrNAe7A4bRU,What if we had 100 fingers? + more videos | #aumsum #kids #children #education #whatif,Education,4 months ago,3:31,"3,296,786 views",https://www.youtube.com/watch?v=yrNAe7A4bRU
Uav5w2-JhiA,ku Baro English-ka AF-Somali || Muhiimada Wax barshada  { Importance Of Education },Education,6 months ago,10:14,"51,098 views",https://www.youtube.com/watch?v=Uav5w2-JhiA
mJBlgIA3K24,Grosse Pointe teacher roasts board of education in intense resignation speech,Education,1 year ago,3:17,"3,908,344 views",https://www.youtube.com/watch?v=mJBlgIA3K24
CHyA3pp4G_Y,Why is education important?,Education,7 years ago,3:23,"302,153 views",https://www.youtube.com/watch?v=CHyA3pp4G_Y
DvM8XoGpAc4,The SuperKids - Education is the Way,Education,8 years ago,3:51,"997,249 views",https://www.youtube.com/watch?v=DvM8XoGpAc4
l3ZELV-mqb8,Day Girl vs Night Girl Lucy - Wolfoo Kids Stories - Educational for Kids | Wolfoo Official Channel,Education,1 day ago,12:44,"1,177,176 views",https://www.youtube.com/watch?v=l3ZELV-mqb8
wX78iKhInsc,How to escape education's death valley | Sir Ken Robinson,Education,9 years ago,19:12,"6,150,176 views",https://www.youtube.com/watch?v=wX78iKhInsc
_aB9Tg6SRA0,Inside Singapore‚Äôs world-class education system,Education,2 years ago,27:16,"1,126,781 views",https://www.youtube.com/watch?v=_aB9Tg6SRA0
XobhUpv1ttg,Preschool Learning Video with Lots of Fun Educational Toys!,Education,5 years ago,1:02:44,"47,729,497 views",https://www.youtube.com/watch?v=XobhUpv1ttg
HndV87XpkWg,What's Education For?,Education,7 years ago,3:44,"1,178,611 views",https://www.youtube.com/watch?v=HndV87XpkWg
hreYh2Yha4A,Let's Talk About Education | Jayne Ellspermann | TEDxOcala,Education,4 years ago,16:42,"40,636 views",https://www.youtube.com/watch?v=hreYh2Yha4A
2CMu4VnePhY,Wolfoo Learns Numbers and Counting When Playing at the Mall - Education for Kids | Wolfoo Channel,Education,3 months ago,19:57,"5,281,514 views",https://www.youtube.com/watch?v=2CMu4VnePhY
S294zRodS_4,Education In Society: Crash Course Sociology #40,Education,4 years ago,11:32,"390,489 views",https://www.youtube.com/watch?v=S294zRodS_4
rhgwIhB58PA,The Biggest Myth In Education,Education,11 months ago,14:27,"9,649,066 views",https://www.youtube.com/watch?v=rhgwIhB58PA
T-JVpKku5SI,The problem of education inequality | CNBC Reports,Education,1 year ago,8:51,"139,959 views",https://www.youtube.com/watch?v=T-JVpKku5SI
IttkDYE33aU,Eric Prydz VS Pink Floyd - 'Proper Education' (Official Video),Education,12 years ago,3:34,"6,401,211 views",https://www.youtube.com/watch?v=IttkDYE33aU
Dvhuesh0D5s,Ryan learns why do we brush our teeth! | Educational Video for Kids,Education,2 years ago,26:37,"18,435,531 views",https://www.youtube.com/watch?v=Dvhuesh0D5s
nSd3xi5MbAQ,WHEN THERE'S NO ONE AROUND - Best Motivational Speech,Motivation,1 day ago,11:55,"50,816 views",https://www.youtube.com/watch?v=nSd3xi5MbAQ
01l6oFVdruc,WATCH THIS EVERYDAY AND CHANGE YOUR LIFE - Denzel Washington Powerful Motivational Speech 2022,Motivation,22 hours ago,10:47,"11,628 views",https://www.youtube.com/watch?v=01l6oFVdruc
V_ukiT_QNsQ,THE MINDSET OF HIGH ACHIEVERS #4 - Powerful Motivational Video for Success,Motivation,1 year ago,36:11,"2,649,489 views",https://www.youtube.com/watch?v=V_ukiT_QNsQ
UKKPzn-4QA0,Best Motivational Speech Compilation Ever - 1 Hour of Motivation To Change Forever,Motivation,8 months ago,1:01:58,"1,200,147 views",https://www.youtube.com/watch?v=UKKPzn-4QA0
RICsNMN6Fb8,JUST DISAPPEAR & THEN BECOME AN UNRECOGNISABLE VERSION OF YOURSELF - Motivational Speech Compilation,Motivation,1 month ago,47:48,"288,517 views",https://www.youtube.com/watch?v=RICsNMN6Fb8
ZY4bKcczPLw,GET IT DONE - Best Motivational Speech Video (Joe Rogan Motivation),Motivation,1 year ago,10:54,"1,441,891 views",https://www.youtube.com/watch?v=ZY4bKcczPLw
uvbVzutfulU,SELF DISCIPLINE - Best Motivational Video Speeches Compilation | 1 Hour of the Best Motivation,Motivation,1 year ago,1:21:23,"1,045,620 views",https://www.youtube.com/watch?v=uvbVzutfulU
mgmVOuLgFB0,Why Do We Fall - Motivational Video,Motivation,9 years ago,6:14,"78,653,230 views",https://www.youtube.com/watch?v=mgmVOuLgFB0
FKXSh14svlQ,Normani - Motivation (Official Video),Motivation,2 years ago,3:58,"164,489,681 views",https://www.youtube.com/watch?v=FKXSh14svlQ
L4HJUw9c6aI,WHEN LIFE HURTS - Best Motivational Speech (Featuring Inky Johnson),Motivation,2 days ago,11:21,"60,640 views",https://www.youtube.com/watch?v=L4HJUw9c6aI
OhvlL6SSnCA,10 Minutes to Start Your Day Right! - MORNING MOTIVATION | Motivational Speech 2022,Motivation,9 days ago,11:48,"164,610 views",https://www.youtube.com/watch?v=OhvlL6SSnCA
26U_seo0a1g,Unbroken - Motivational Video,Motivation,7 years ago,5:58,"45,281,378 views",https://www.youtube.com/watch?v=26U_seo0a1g
svDiqqnGCeU,"WORK HARD IN SILENCE, SHOCK THEM WITH YOUR SUCCESS - Motivational Speech (Marcus Elevation Taylor)",Motivation,4 months ago,9:04,"2,734,904 views",https://www.youtube.com/watch?v=svDiqqnGCeU
IHwqhSLE9Gc,This Simple Trick Will Make You Motivated Everyday (Animated Story),Motivation,2 years ago,13:33,"5,340,891 views",https://www.youtube.com/watch?v=IHwqhSLE9Gc
7sxpKhIbr0E,The psychology of self-motivation | Scott Geller | TEDxVirginiaTech,Motivation,8 years ago,15:54,"10,907,871 views",https://www.youtube.com/watch?v=7sxpKhIbr0E
7e5SQL_xLN8,Best Motivational Video 2019 - Speeches Compilation 2 Hour Long - Motivation for success & Gym,Motivation,3 years ago,2:37:36,"9,668,753 views",https://www.youtube.com/watch?v=7e5SQL_xLN8
dVWzNZp6YiU,WAKE UP & WORK HARD AT IT | Powerful Motivational Speeches Compilation 2022,Motivation,1 day ago,35:49,"11,861 views",https://www.youtube.com/watch?v=dVWzNZp6YiU
eBSeCp__xhI,FOCUS ON YOURSELF NOT OTHERS - Best Motivational Speech 2022,Motivation,1 year ago,14:58,"5,398,450 views",https://www.youtube.com/watch?v=eBSeCp__xhI
5xbADDvciko,The Most Eye Opening 60 Minutes Of Your Life | Jordan Peterson Motivation,Motivation,6 months ago,1:00:44,"3,197,448 views",https://www.youtube.com/watch?v=5xbADDvciko
zEZYtxX0I-4,BEAST MENTALITY - Best Motivational Speech Compilation (Most Powerful Speeches 2021),Motivation,6 months ago,30:20,"413,439 views",https://www.youtube.com/watch?v=zEZYtxX0I-4
YieBRXGOMwk,WHATEVER IT TAKES - Motivational Speech,Motivation,4 days ago,4:17,"144,704 views",https://www.youtube.com/watch?v=YieBRXGOMwk
26U_seo0a1g,Unbroken - Motivational Video,Motivation,7 years ago,5:58,"45,281,378 views",https://www.youtube.com/watch?v=26U_seo0a1g
s1XozsBN5Z4,Kelly Rowland ft. Lil Wayne - Motivation (Explicit) [Official Video],Motivation,11 years ago,4:22,"210,293,899 views",https://www.youtube.com/watch?v=s1XozsBN5Z4
svDiqqnGCeU,"WORK HARD IN SILENCE, SHOCK THEM WITH YOUR SUCCESS - Motivational Speech (Marcus Elevation Taylor)",Motivation,4 months ago,9:04,"2,734,904 views",https://www.youtube.com/watch?v=svDiqqnGCeU
L8UT0iVne24,"I CAN, I WILL, I MUST - The Most Powerful Motivational Videos for Success, Students & Working Out",Motivation,4 years ago,24:28,"8,207,561 views",https://www.youtube.com/watch?v=L8UT0iVne24
fbkO7mVAtr4,Heading to HOSPITAL üè•,Vlog,5 hours ago,11:05,"299,690 views",https://www.youtube.com/watch?v=fbkO7mVAtr4
fZxLpsVEY5A,finally getting my life together (my work day!) *unfiltered vlog*,Vlog,8 hours ago,14:55,"69,788 views",https://www.youtube.com/watch?v=fZxLpsVEY5A
TT0-XzQmsZ4,BATANGAS WITH FRIENDS‚òÄÔ∏è üåä | LOINIE TV,Vlog,1 day ago,13:32,"20,072 views",https://www.youtube.com/watch?v=TT0-XzQmsZ4
Yqy3g3N9Yh0,Vi≈°kov Vimbldon Vlog 04 - 2022,Vlog,14 hours ago,40:19,"10,678 views",https://www.youtube.com/watch?v=Yqy3g3N9Yh0
ptexg1tMN1g,WELCOME SA HOMETOWN NI LASSY (ANG DAMING MEMORIES) | BEKS BATTALION,Vlog,7 hours ago,24:23,"96,382 views",https://www.youtube.com/watch?v=ptexg1tMN1g
yBbcf95UoSg,The ULTIMATE FILIPINO FOOD Tour of San Francisco,Vlog,23 hours ago,30:17,"142,602 views",https://www.youtube.com/watch?v=yBbcf95UoSg
IxvcC7NKjkE,MAGULONG BREAKFAST WITH IN LAWS SA BAHAY! ANG DAMING BIGLAANG GANAPS! ‚ù§Ô∏è | rhazevlogs,Vlog,1 day ago,30:30,"144,107 views",https://www.youtube.com/watch?v=IxvcC7NKjkE
Uy0n5ab_fuI,Unplanned Trip to Spiti ü•µ,Vlog,5 hours ago,16:49,"73,067 views",https://www.youtube.com/watch?v=Uy0n5ab_fuI
gJXAZdZ6ZG0,Itni pyari dress üëó aayi hai | beemari wala vlog | chhole banaye ü•∞,Vlog,19 hours ago,9:37,"1,179,786 views",https://www.youtube.com/watch?v=gJXAZdZ6ZG0
FrVN3zAQljw,RABIA KA EID DRESS AGYA üëó | Mano ny bartan dhoye üòÖ | Papa ki acting üòÇ,Vlog,1 day ago,10:58,"274,331 views",https://www.youtube.com/watch?v=FrVN3zAQljw
WjnuIygnhYo,Gift dekhrahi ke turkey sy kiya layeüòÇ,Vlog,9 hours ago,11:13,"432,972 views",https://www.youtube.com/watch?v=WjnuIygnhYo
ZNwz58rehJc,Sara Din Khele Aaj || Chiku Malik Vlogs,Vlog,6 hours ago,11:17,"100,307 views",https://www.youtube.com/watch?v=ZNwz58rehJc
b9CHdXDHTX8,Squad Meets FANS in REAL LIFE!! | VidCon Vlog,Vlog,2 days ago,8:04,"523,370 views",https://www.youtube.com/watch?v=b9CHdXDHTX8
ZPgyx0tTawI,ü§£üòÖH√ÑSSLICHSTES Bild der WELT gekauft... | MEGA LACHFLASH in Blind AUKTION! | AIDA Vlog #1,Vlog,1 day ago,10:05,"168,593 views",https://www.youtube.com/watch?v=ZPgyx0tTawI
UV_fpL2wXiM,Achanak Se Hansi Jana Pada || Chiku Malik Vlogs,Vlog,1 day ago,8:07,"291,504 views",https://www.youtube.com/watch?v=UV_fpL2wXiM
5cigbineZs8,Iss baar flight se Chandigarh‚úàÔ∏è| Shooting for something exciting | Shoaib Ibrahim | vlog,Vlog,1 day ago,10:53,"1,285,082 views",https://www.youtube.com/watch?v=5cigbineZs8
pTc_ZDcYr_E,UFC 276 Embedded: Vlog Series - Episode 1,Vlog,2 days ago,9:53,"942,375 views",https://www.youtube.com/watch?v=pTc_ZDcYr_E
gXLNiklmvKI,ANG MGA LALAKI SA BUHAY NI IVANA ALAWI | DR. VICKI BELO,Vlog,3 hours ago,23:16,"65,453 views",https://www.youtube.com/watch?v=gXLNiklmvKI
ysUFm1eOJ2M,Built Giant Mud Oven and Cooking Country Style Bread,Vlog,19 hours ago,15:27,"557,162 views",https://www.youtube.com/watch?v=ysUFm1eOJ2M
c4wLFrP_aMw,VLOG | üòçüéâ ÿ£ÿÆŸäÿ±ÿß ÿ¨ÿßÿ™ ÿπŸÜÿØŸä ŸÖÿßŸÖÿß Ÿà ÿÆÿ™Ÿä Ÿà ŸÅÿ±ÿ≠ŸàŸÜŸä ÿ®ÿ≤ÿßŸÅ,Vlog,21 hours ago,21:40,"44,547 views",https://www.youtube.com/watch?v=c4wLFrP_aMw
_QIqVus5ewY,UFC 276 Embedded: Vlog Series - Episode 3,Vlog,17 hours ago,9:54,"609,355 views",https://www.youtube.com/watch?v=_QIqVus5ewY
fJJ004EMxWE,Una's birthday vlog 2022,Vlog,1 day ago,26:27,"38,936 views",https://www.youtube.com/watch?v=fJJ004EMxWE
u5d0qQSWBwI,Sistrology is live,Vlog,Streamed 19 hours ago,1:24:58,"248,252 views",https://www.youtube.com/watch?v=u5d0qQSWBwI
BL-IcvxahK4,pack with me kasi aalis na ako sa condo ‚Äì moving vlog episode 3,Vlog,1 day ago,18:11,"70,148 views",https://www.youtube.com/watch?v=BL-IcvxahK4
dw6e6sb238o,VLOG 291 ROOM RAID SA TORO DE PALACIO,Vlog,21 hours ago,36:19,"398,134 views",https://www.youtube.com/watch?v=dw6e6sb238o
pXPr7UgHCdc,TRIP TO SPAIN! *DREAM COME TRUE*  | IVANA ALAWI,Vlog,4 days ago,21:51,"3,273,195 views",https://www.youtube.com/watch?v=pXPr7UgHCdc
kt_C_kxhfWo,PINAKA SIRAULONG BODY GUARD (VLOG TAKE OVER BUBOY TUB*L) | JELAI ANDRES,Vlog,20 hours ago,22:31,"239,206 views",https://www.youtube.com/watch?v=kt_C_kxhfWo
8fytC2vn9kA,"VLOG: lavender farm picnic, slow days, solo coffee date, & settling into city life",Vlog,18 hours ago,15:16,"10,647 views",https://www.youtube.com/watch?v=8fytC2vn9kA
hWJLLXdEVY0,KLARIFIKASI !!,Vlog,1 day ago,17:01,"433,428 views",https://www.youtube.com/watch?v=hWJLLXdEVY0
7vFXS7fBG6Q,Art Tik Toks you must see RIGHT NOWüé®üòç,Art,1 day ago,21:48,"16,604 views",https://www.youtube.com/watch?v=7vFXS7fBG6Q
M7eCgNYUvxc,30 Simple Art Techniques Everyone Can Do,Art,1 year ago,15:20,"4,211,965 views",https://www.youtube.com/watch?v=M7eCgNYUvxc
hgttXamIZIM,Nail Art That Has Gone Too Far,Art,4 months ago,10:13,"4,231,589 views",https://www.youtube.com/watch?v=hgttXamIZIM
4RUjR-5t6v8,"Best Toothpaste Art Wins $5,000! ft. Dental Digest",Art,2 months ago,12:14,"3,663,907 views",https://www.youtube.com/watch?v=4RUjR-5t6v8
W_zicY6k-R4,"Best Watermelon Art Wins $5,000!",Art,1 year ago,13:29,"14,979,148 views",https://www.youtube.com/watch?v=W_zicY6k-R4
9oSCNT7oB2g,Making Art With The NEW Poscas,Art,3 months ago,15:27,"2,601,165 views",https://www.youtube.com/watch?v=9oSCNT7oB2g
gq4YMEhAYo4,Satisfying ART That Will Relax You Before Sleep | AMAZING TALENT ‚ñ∂10,Art,2 months ago,9:02,"4,425,987 views",https://www.youtube.com/watch?v=gq4YMEhAYo4
hkq0v5VR2BA,Easy Art TIPS & HACKS That Work Extremely Well  ‚ñ∂3,Art,2 months ago,9:17,"5,857,025 views",https://www.youtube.com/watch?v=hkq0v5VR2BA
U5O4rG8uo8E,Street Art That Is At Another Level ‚ñ∂ 3,Art,1 year ago,11:30,"10,260,482 views",https://www.youtube.com/watch?v=U5O4rG8uo8E
2mr8Zzx2ndE,B-ART VS JORDOX | Unspoken | #bbu22 Small Final,Art,1 day ago,3:20,"48,751 views",https://www.youtube.com/watch?v=2mr8Zzx2ndE
mw06V-Z6zmg,Van Dijk Defence is an Art..,Art,3 days ago,6:28,"112,898 views",https://www.youtube.com/watch?v=mw06V-Z6zmg
krsDxVXC1g0,CRAZIEST MOMMY LONG LEGS ART VIDEOS EVER!? (LANKYBOX REACTION!),Art,4 days ago,11:52,"622,651 views",https://www.youtube.com/watch?v=krsDxVXC1g0
beye2xqMPgE,Art investments and how they have changed,Art,1 day ago,11:46,"3,782 views",https://www.youtube.com/watch?v=beye2xqMPgE
Dkvn551H3-U,ZHC Trapped me in 100 Layers of Art,Art,2 months ago,9:15,"3,491,529 views",https://www.youtube.com/watch?v=Dkvn551H3-U
dpvCH3GwVG0,"Korean Odyssey, Pocheon Art Valley!",Art,,13:08,,https://www.youtube.com/watch?v=dpvCH3GwVG0
uXtjUsv7hTM,29 ART IDEAS YOU WANT TO TRY ASAP,Art,2 years ago,14:50,"5,540,400 views",https://www.youtube.com/watch?v=uXtjUsv7hTM
WLoPNgIp6go,How To Draw A Cute Unicorn Doughnut,Art,9 months ago,6:11,"4,987,326 views",https://www.youtube.com/watch?v=WLoPNgIp6go
swR7nCSox4M,Art Tik Toks that WILL put you in a Great Moodüé®‚ù§Ô∏è,Art,1 month ago,19:42,"1,207,476 views",https://www.youtube.com/watch?v=swR7nCSox4M
NKI85Z2ebFI,Art TikToks that Will Make Your Day More Colorful üé®‚ú®,Art,2 weeks ago,17:06,"550,254 views",https://www.youtube.com/watch?v=NKI85Z2ebFI
JUuV08wfeag,More TikTok Art to Fuel Your Creativity üé®‚ú®,Art,1 year ago,15:29,"971,017 views",https://www.youtube.com/watch?v=JUuV08wfeag
GSBn5USCxHw,"""·à≤·äñ·à©·ç£ ·ã®·ãà·àà·åã ·äê·ãã·à™·ãé·âΩ ... ·à≤·àû·â±·ç£ ·ä†·àõ·à´·ãé·âΩ?"" ·ä†·â†·àµ·ä© ·åà·â†·à≠·ä© @Arts Tv World",Art,18 hours ago,41:26,"23,855 views",https://www.youtube.com/watch?v=GSBn5USCxHw
IBcB_dYtGUg,The Great Wave by Hokusai: Great Art Explained,Art,1 year ago,17:00,"2,433,018 views",https://www.youtube.com/watch?v=IBcB_dYtGUg
r7KFTVfEIZc,Art Things To Do When You're Bored #9,Art,4 months ago,17:15,"4,831,199 views",https://www.youtube.com/watch?v=r7KFTVfEIZc
zi1PMYXmkmo,AWESOME ART HACKS & SCHOOL DIY IDEAS,Art,5 months ago,15:37,"14,456,247 views",https://www.youtube.com/watch?v=zi1PMYXmkmo
gA0RAPh2ZgU,Salvador Dali's 'The Persistence of Memory': Great Art Explained,Art,6 months ago,16:42,"679,324 views",https://www.youtube.com/watch?v=gA0RAPh2ZgU
ELZukSCiwKU,Satisfying BRAND LOGO Art That Is At Another Level ‚ñ∂2,Art,3 weeks ago,9:04,"2,557,429 views",https://www.youtube.com/watch?v=ELZukSCiwKU
s9-jbW12Iv8,June Mood ~ Chill vibes üçÉ English songs chill music mix,Music,,,,https://www.youtube.com/watch?v=s9-jbW12Iv8
3jgH5weXYwA,TOP 40 Songs of 2021 2022 \ Best English Songs  (Best Hit Music Playlist) on Spotify  @Sky Music PE,Music,7 months ago,3:12:27,"16,453,852 views",https://www.youtube.com/watch?v=3jgH5weXYwA
_83AOaZ3Iyg,Benzz - Je M'appelle [Music Video] | GRM Daily,Music,2 months ago,2:24,"17,027,661 views",https://www.youtube.com/watch?v=_83AOaZ3Iyg
LVbUNRwpXzw,Music for Productive Work ‚Äî Tony Stark's Concentration Mix,Music,2 months ago,1:01:19,"914,755 views",https://www.youtube.com/watch?v=LVbUNRwpXzw
YVkUvmDQ3HY,Eminem - Without Me (Official Music Video),Music,13 years ago,4:58,"1,440,491,440 views",https://www.youtube.com/watch?v=YVkUvmDQ3HY
cBVGlBWQzuc,Maroon 5 - Girls Like You ft. Cardi B (Volume 2) (Official Music Video),Music,3 years ago,4:35,"721,031,362 views",https://www.youtube.com/watch?v=cBVGlBWQzuc
pRpeEdMmmQ0,Shakira - Waka Waka (This Time for Africa) (The Official 2010 FIFA World Cup‚Ñ¢ Song),Music,12 years ago,3:31,"3,176,834,711 views",https://www.youtube.com/watch?v=pRpeEdMmmQ0
g8SVsEgrygY,Aitch x Giggs ‚Äì Just Coz,Music,2 months ago,3:21,"2,359,825 views",https://www.youtube.com/watch?v=g8SVsEgrygY
uelHwf8o7_U,Eminem - Love The Way You Lie ft. Rihanna,Music,11 years ago,4:27,"2,423,056,660 views",https://www.youtube.com/watch?v=uelHwf8o7_U
OPf0YbXqDm0,Mark Ronson - Uptown Funk (Official Video) ft. Bruno Mars,Music,7 years ago,4:31,"4,610,295,205 views",https://www.youtube.com/watch?v=OPf0YbXqDm0
YykjpeuMNEk,Coldplay - Hymn For The Weekend (Official Video),Music,6 years ago,4:21,"1,691,504,633 views",https://www.youtube.com/watch?v=YykjpeuMNEk
CevxZvSJLk8,Katy Perry - Roar (Official),Music,8 years ago,4:30,"3,606,152,099 views",https://www.youtube.com/watch?v=CevxZvSJLk8
k2qgadSvNyU,Dua Lipa - New Rules (Official Music Video),Music,4 years ago,3:45,"2,685,223,271 views",https://www.youtube.com/watch?v=k2qgadSvNyU
X-yIEMduRXk,Adele - Easy On Me (Official Lyric Video),Music,7 months ago,3:46,"161,406,119 views",https://www.youtube.com/watch?v=X-yIEMduRXk
DiP5eorRbzo,"Sigala, Talia Mar - Stay The Night (Official Video)",Music,2 weeks ago,2:53,"1,489,010 views",https://www.youtube.com/watch?v=DiP5eorRbzo
CRuOOxF-ENQ,Joel Corry x MNEK - Head & Heart [Official Video],Music,1 year ago,2:48,"239,979,259 views",https://www.youtube.com/watch?v=CRuOOxF-ENQ
TUVcZfQe-Kw,Dua Lipa - Levitating Featuring DaBaby (Official Music Video),Music,1 year ago,3:51,"557,882,946 views",https://www.youtube.com/watch?v=TUVcZfQe-Kw
JPJjwHAIny4,"Lady Gaga, Bradley Cooper - Shallow (From A Star Is Born/Live From The Oscars)",Music,3 years ago,3:58,"575,478,090 views",https://www.youtube.com/watch?v=JPJjwHAIny4
KLu7QyEpdBM,Diplo & Miguel - Don't Forget My Love (Official Music Video),Music,3 months ago,3:22,"5,203,637 views",https://www.youtube.com/watch?v=KLu7QyEpdBM
kJQP7kiw5Fk,Luis Fonsi - Despacito ft. Daddy Yankee,Music,5 years ago,4:42,"7,886,780,841 views",https://www.youtube.com/watch?v=kJQP7kiw5Fk
JGwWNGJdvx8,Ed Sheeran - Shape of You (Official Music Video),Music,5 years ago,4:24,"5,751,915,629 views",https://www.youtube.com/watch?v=JGwWNGJdvx8
VQeW62X8rEA,George Ezra - Green Green Grass (Official Video),Music,1 month ago,3:17,"3,158,189 views",https://www.youtube.com/watch?v=VQeW62X8rEA
oFqVvjq6BGM,Dave - Clash (ft. Stormzy),Music,11 months ago,4:11,"44,770,071 views",https://www.youtube.com/watch?v=oFqVvjq6BGM
orJSJGHjBLI,Ed Sheeran - Bad Habits [Official Video],Music,1 year ago,4:01,"386,824,746 views",https://www.youtube.com/watch?v=orJSJGHjBLI
2Vv-BfVoq4g,Ed Sheeran - Perfect (Official Music Video),Music,4 years ago,4:40,"3,193,448,776 views",https://www.youtube.com/watch?v=2Vv-BfVoq4g
bo_efYhYU2A,"Lady Gaga, Bradley Cooper - Shallow (from A Star Is Born) (Official Music Video)",Music,3 years ago,3:37,"1,328,181,344 views",https://www.youtube.com/watch?v=bo_efYhYU2A
VbfpW0pbvaU,Shawn Mendes - Stitches (Official Music Video),Music,7 years ago,4:00,"1,456,854,494 views",https://www.youtube.com/watch?v=VbfpW0pbvaU
ZbZSe6N_BXs,Pharrell Williams - Happy (Video),Music,8 years ago,4:01,"1,011,855,835 views",https://www.youtube.com/watch?v=ZbZSe6N_BXs
Il0S8BoucSA,Ed Sheeran - Shivers [Official Video],Music,9 months ago,3:58,"198,274,713 views",https://www.youtube.com/watch?v=Il0S8BoucSA
pldBRhJjOKE,Tom Grennan - Remind Me (Official Video),Music,2 months ago,3:34,"1,722,125 views",https://www.youtube.com/watch?v=pldBRhJjOKE
450p7goxZqg,John Legend - All of Me (Official Video),Music,8 years ago,5:08,"2,155,895,017 views",https://www.youtube.com/watch?v=450p7goxZqg
gOMhN-hfMtY,Eminem - Stan (Long Version) ft. Dido,Music,12 years ago,8:09,"549,861,176 views",https://www.youtube.com/watch?v=gOMhN-hfMtY
8JnfIa84TnU,Clean Bandit - Solo (feat. Demi Lovato) [Official Video],Music,4 years ago,3:44,"935,984,537 views",https://www.youtube.com/watch?v=8JnfIa84TnU
O2CIAKVTOrc,Lady Gaga - Hold My Hand (From ‚ÄúTop Gun: Maverick‚Äù) [Official Music Video],Music,1 month ago,3:50,"46,574,572 views",https://www.youtube.com/watch?v=O2CIAKVTOrc
gl1aHhXnN1k,"Ariana Grande - thank u, next (Official Video)",Music,3 years ago,5:31,"723,019,997 views",https://www.youtube.com/watch?v=gl1aHhXnN1k
VuNIsY6JdUw,Taylor Swift - You Belong With Me,Music,13 years ago,3:49,"1,326,155,221 views",https://www.youtube.com/watch?v=VuNIsY6JdUw
kOkQ4T5WO9E,Calvin Harris - This Is What You Came For (Official Video) ft. Rihanna,Music,6 years ago,4:00,"2,576,339,450 views",https://www.youtube.com/watch?v=kOkQ4T5WO9E
mj0XInqZMHY,Ed Sheeran - Beautiful People (feat. Khalid) [Official Music Video],Music,3 years ago,3:48,"332,932,482 views",https://www.youtube.com/watch?v=mj0XInqZMHY
MkElfR_NPBI,Little Mix - Black Magic (Official Video),Music,7 years ago,3:46,"906,013,802 views",https://www.youtube.com/watch?v=MkElfR_NPBI
D9G1VOjN_84,Imagine Dragons x J.I.D - Enemy (from the series Arcane League of Legends),Music,8 months ago,3:34,"208,812,011 views",https://www.youtube.com/watch?v=D9G1VOjN_84
LHCob76kigA,Lukas Graham - 7 Years [Official Music Video],Music,6 years ago,4:00,"1,283,593,131 views",https://www.youtube.com/watch?v=LHCob76kigA
rywUS-ohqeE,Alicia Keys - No One (Official Music Video),Music,12 years ago,4:09,"653,016,411 views",https://www.youtube.com/watch?v=rywUS-ohqeE
lp-EO5I60KA,Ed Sheeran - Thinking Out Loud (Official Music Video),Music,7 years ago,4:57,"3,465,156,609 views",https://www.youtube.com/watch?v=lp-EO5I60KA
Wx3gRx0Fyzk,"Becky Hill, Galantis - Run",Music,4 months ago,3:11,"6,589,724 views",https://www.youtube.com/watch?v=Wx3gRx0Fyzk
0KSOMA3QBU0,Katy Perry - Dark Horse (Official) ft. Juicy J,Music,8 years ago,3:45,"3,294,833,151 views",https://www.youtube.com/watch?v=0KSOMA3QBU0
kffacxfA7G4,Justin Bieber - Baby (Official Music Video) ft. Ludacris,Music,12 years ago,3:40,"2,774,598,593 views",https://www.youtube.com/watch?v=kffacxfA7G4
Z_MvkyuOJgk,Ed Sheeran - 2step (feat. Lil Baby) - [Official Video],Music,2 months ago,3:28,"30,773,071 views",https://www.youtube.com/watch?v=Z_MvkyuOJgk
RkfvelOJvhI,George Ezra - Anyone For You (Tiger Lily) (Official Video),Music,5 months ago,3:56,"11,298,553 views",https://www.youtube.com/watch?v=RkfvelOJvhI
k6ZoE4RrcDs,Ed Sheeran - Overpass Graffiti [Official Video],Music,8 months ago,4:47,"55,549,606 views",https://www.youtube.com/watch?v=k6ZoE4RrcDs
FFV6t4Dl_zQ,"Calvin Harris, Dua Lipa, Young Thug - Potion (Official Video)",Music,1 month ago,3:35,"18,887,106 views",https://www.youtube.com/watch?v=FFV6t4Dl_zQ
BSzSn-PRdtI,Maroon 5 - Beautiful Mistakes ft. Megan Thee Stallion (Official Music Video),Music,1 year ago,3:49,"122,083,486 views",https://www.youtube.com/watch?v=BSzSn-PRdtI
5qBhu2hLVeI,Post Malone - Insane (Official Video),Music,3 weeks ago,2:51,"7,763,291 views",https://www.youtube.com/watch?v=5qBhu2hLVeI
j3pj8-uMF4U,Joel Corry x David Guetta x Bryson Tiller - What Would You Do? [Official Video],Music,3 months ago,2:55,"6,032,299 views",https://www.youtube.com/watch?v=j3pj8-uMF4U
cKEwnhc8ItY,"Pharrell Williams - Cash In Cash Out (Official Video) ft. 21 Savage, Tyler, The Creator",Music,2 weeks ago,3:57,"8,441,315 views",https://www.youtube.com/watch?v=cKEwnhc8ItY
uYmHJTDsxik,‚ô™ JURASSIC WORLD DOMINION THE MUSICAL - Animated Song,Music,3 days ago,3:39,"1,394,105 views",https://www.youtube.com/watch?v=uYmHJTDsxik
h1njQbDF-vM,Ibiza Summer Mix 2022 üçì Best Of Tropical Deep House Music Chill Out Mix 2022 üçì Chillout Lounge #113,Music,,,,https://www.youtube.com/watch?v=h1njQbDF-vM
AQw5ZUos7IY,Benzz - Je M'appelle ft. Tion Wayne & French Montana [Music Video] | GRM Daily,Music,2 weeks ago,2:31,"6,196,787 views",https://www.youtube.com/watch?v=AQw5ZUos7IY
w8MsgMIL3qE,Rayvanny Ft Marioo - Te Quiero (Official Music Video),Music,3 days ago,5:22,"738,358 views",https://www.youtube.com/watch?v=w8MsgMIL3qE
IXXxciRUMzE,Lizzo - About Damn Time [Official Video],Music,2 months ago,4:06,"50,718,944 views",https://www.youtube.com/watch?v=IXXxciRUMzE
mNEUkkoUoIA,OneRepublic - I Ain‚Äôt Worried (From ‚ÄúTop Gun: Maverick‚Äù) [Official Music Video],Music,1 month ago,2:35,"17,688,153 views",https://www.youtube.com/watch?v=mNEUkkoUoIA
wYZux3BMc5k,IShowSpeed - Shake (Official Music Video),Music,7 months ago,2:37,"104,290,848 views",https://www.youtube.com/watch?v=wYZux3BMc5k
NaFd8ucHLuo,GAYLE - abcdefu (Official Music Video),Music,10 months ago,2:58,"154,556,522 views",https://www.youtube.com/watch?v=NaFd8ucHLuo
FIILsSmS_nA,BoyWithUke - Long Drives (Official Music Video),Music,5 months ago,3:05,"28,360,083 views",https://www.youtube.com/watch?v=FIILsSmS_nA
4C5_qGcvQhc,REGGAE MUSIC MIX 2022 Vol.3| CHA CHA DISCO ON THE ROAD 2022 |- BEST 80'S 90's 20's REGGAE MUSIC -,Music,2 weeks ago,47:11,"693,505 views",https://www.youtube.com/watch?v=4C5_qGcvQhc
mNEUkkoUoIA,OneRepublic - I Ain‚Äôt Worried (From ‚ÄúTop Gun: Maverick‚Äù) [Official Music Video],Music,1 month ago,2:35,"17,688,153 views",https://www.youtube.com/watch?v=mNEUkkoUoIA
wYZux3BMc5k,IShowSpeed - Shake (Official Music Video),Music,7 months ago,2:37,"104,290,848 views",https://www.youtube.com/watch?v=wYZux3BMc5k
-lbOwTVqQ58,"4 Hours Of Music For Studying, Concentration And Work - Ambient Study Music To Concentrate",Music,23 hours ago,4:00:00,"5,371 views",https://www.youtube.com/watch?v=-lbOwTVqQ58
ddLhlcpWeB8,Capital T - Dukat (prod. Panda Music),Music,19 hours ago,3:13,"775,144 views",https://www.youtube.com/watch?v=ddLhlcpWeB8
mhsckf9XFqc,Lukas Graham - 7 Years (1 Hour Music Lyrics),Music,1 year ago,1:02:31,"9,361,904 views",https://www.youtube.com/watch?v=mhsckf9XFqc
RjrA-slMoZ4,Eminem & Snoop Dogg - From The D 2 The LBC [Official Music Video],Music,6 days ago,4:47,"14,923,843 views",https://www.youtube.com/watch?v=RjrA-slMoZ4
MrCsubL_OSQ,Ashanti - Happy (Official Music Video) ft. Ja Rule,Music,12 years ago,4:00,"64,676,880 views",https://www.youtube.com/watch?v=MrCsubL_OSQ
EQ2iPRkQxxk,Top Tiktok Hits 2020  Top 30 Song  Best Hits  Best Music Playlist 2020  Best Music,Music,1 year ago,1:22:41,"13,640,149 views",https://www.youtube.com/watch?v=EQ2iPRkQxxk
X93poi-3pA0,"24 Hours of Relaxing Calming Music - Piano Music for Stress Relief, Sleep Music, Meditation Music",Music,,24:00:00,,https://www.youtube.com/watch?v=X93poi-3pA0
_5q2YmSq16g,Loski - Tag Time Freestyle #TagTimeFreestyle [Music Video] | GRM Daily,Music,3 days ago,4:54,"344,156 views",https://www.youtube.com/watch?v=_5q2YmSq16g
dh01eSOn9_E,Best Music Mix ‚ô´ No Copyright Gaming Music ‚ô´ Music by Roy Knox and Friends,Music,1 year ago,1:18:14,"13,316,133 views",https://www.youtube.com/watch?v=dh01eSOn9_E
UYhr1_N7OZA,"Autumn Chill - Lofi hip hop mix ~ Stress Relief, Relaxing and Meditation Music",Music,21 hours ago,3:01:19,"20,435 views",https://www.youtube.com/watch?v=UYhr1_N7OZA
